Title,Host,Venue,Date,Source Link
Agent Harness: The Missing Layer Between AI Models and Real-World Execution,Microsoft Azure User Group - Chennai,Chennai,"Sat, Aug 1 · 10:00 AM IST",https://www.meetup.com/chennai-microsoft-azure-user-group/events/315381788/?recId=97b966cf-4156-485c-a36e-c5dc08b7341d&recSource=ml-popular-events-nearby-offline&searchId=8b6ed7d6-a239-44b0-af88-a6dcf7fe034d&eventOrigin=find_page%24all
Waitlist,BrowserStack Software Testing and QA Meetup Group - Chennai,Chennai,"Sat, Aug 8 · 10:30 AM IST",https://www.meetup.com/browserstack-software-testing-and-qa-meetup-group-chennai/events/315750117/?recId=97b966cf-4156-485c-a36e-c5dc08b7341d&recSource=ml-popular-events-nearby-offline&searchId=8b6ed7d6-a239-44b0-af88-a6dcf7fe034d&eventOrigin=find_page%24all
Free Online English Class (Choose Your Own Class),Free Online English Classes - India,Chennai,"Sat, Aug 1 · 11:00 AM IST",https://www.meetup.com/free-online-english-classes-india/events/314289245/?recId=97b966cf-4156-485c-a36e-c5dc08b7341d&recSource=ml-popular-events-nearby-online&searchId=8b6ed7d6-a239-44b0-af88-a6dcf7fe034d&eventOrigin=find_page%24all
Waitlist,Azure Developer Community Tamilnadu,Chennai,"Sat, Aug 8 · 9:30 AM IST",https://www.meetup.com/azure-developer-community-chennai/events/315532378/?recId=97b966cf-4156-485c-a36e-c5dc08b7341d&recSource=ml-popular-events-nearby-offline&searchId=8b6ed7d6-a239-44b0-af88-a6dcf7fe034d&eventOrigin=find_page%24all
"Build Agentic Workflows & Searchable Apps with Elasticsearch, Jina, & A2A Comm.",Elastic Chennai User Group,Chennai,"Sat, Aug 8 · 10:00 AM IST",https://www.meetup.com/chennai-elastic-fantastics/events/315498544/?recId=97b966cf-4156-485c-a36e-c5dc08b7341d&recSource=ml-popular-events-nearby-offline&searchId=8b6ed7d6-a239-44b0-af88-a6dcf7fe034d&eventOrigin=find_page%24all
Waitlist,Global AI Chennai,Chennai,"Sat, Aug 8 · 10:00 AM IST",https://www.meetup.com/global-ai-community-chennai/events/315760408/?recId=97b966cf-4156-485c-a36e-c5dc08b7341d&recSource=ml-popular-events-nearby-offline&searchId=8b6ed7d6-a239-44b0-af88-a6dcf7fe034d&eventOrigin=find_page%24all
NEW BUSINESS CIRCLE – CHENNAI,Ronda Night - Exciting Dating event,Chennai,Every Sat · Aug 1 · 10:00 AM IST,https://www.meetup.com/ronda-night-mystery-dating-event/events/315649323/?recId=97b966cf-4156-485c-a36e-c5dc08b7341d&recSource=ml-popular-events-nearby-offline&searchId=8b6ed7d6-a239-44b0-af88-a6dcf7fe034d&eventOrigin=find_page%24all
Project Management Workshop for IT Professionals,Chennai Networking und Business Strategie Meetup Group,Chennai,"Sat, Aug 1 · 9:30 AM IST",https://www.meetup.com/meetup-group-adtvuegr/events/315757262/?recId=97b966cf-4156-485c-a36e-c5dc08b7341d&recSource=ml-popular-events-nearby-offline&searchId=8b6ed7d6-a239-44b0-af88-a6dcf7fe034d&eventOrigin=find_page%24all
Certification Exam Vouchers for Your Group Members,AWS SBG at SSM Institute of Engineering & Technology,Chennai,"Mon, Aug 3 · 7:00 PM IST",https://www.meetup.com/aws-sbg-at-ssm-inst-of-eng-tech/events/315790241/?recId=97b966cf-4156-485c-a36e-c5dc08b7341d&recSource=ml-popular-events-nearby-online&searchId=8b6ed7d6-a239-44b0-af88-a6dcf7fe034d&eventOrigin=find_page%24all
